ID,Lang1,Lang2,Lang3,Age,Gender,BornUS,YrsinUS,BornMoth,BornFath,feelamer,feelhmong,livewith,famincome,grades,maritalstat,fatheremploy,motheremploy,reduced,fes1,fes2,fes3,fes4,fes5,fes6,fes7,fes8,fes9,fes10,fes11,fes12,monm1,monf1,monm2,monf2,monm3,monf3,monm4,monf4,monm5,monf5,monm6,monf6,monm7,monf7,macad1,facad1,macad2,facad2,macad3,facad3,macad4,facad4,macad5,facad5,macad6,facad6,macad7,facad7,macad8,facad8,nhood1,nhood2,nhood3,nhood4,nhood5,nhood6,nhood7,nhood8,nhood9,nhood10,rses1,rses2,rses3,rses4,rses5,rses6,rses7,rses8,rses9,rses10,schclim1,schclim2,schclim3,schclim4,schclim5,schclim6,schclim7,schclim8,schclim9,schclim10,schclim11,schclim12,schclim13,schclim14,schclim15,schclim16,schclim17,schclim18,schclim19,schclim20,schclim21,brokering1,brokering2,brokering3,brokering4,brokering5,brokering6,brokering7,cesd1,cesd2,cesd3,cesd4,cesd5,cesd6,cesd7,cesd8,cesd9,cesd10,cesd11,cesd12,cesd13,cesd14,cesd15,cesd16,cesd17,cesd18,cesd19,cesd20,acadach1,acadach2,acadach3,acadach4,acadach5,aafcs1,aafcs2,aafcs3,aafcs4,aafcs5,aafcs6,aafcs7,aafcs8,aafcs9,aafcs10,conflict1,conflict2,conflict3,conflict4,conflict5,conflict6,conflict7,conflict8,conflict9,eis1,eis2,eis3,eis4,eis5,eis6,eis7,eis8,eis9,eis10,eis11,eis12,eis13,eis14,eis15,eis16,eis17,acculturationgap,conflict,affirmation,exploration,resolution,posesteem,depression,esteem,selfdeprec,cesd4r,cesd8r,cesd12r,missinggender,brokering
1,Hmo/Eng,6,Hmong,17,1,1,0,4,4,2,1,1,3,3,1,1,1,0,3,5,5,5,3,3,4,4,3,5,5,5,1,1,1,1,2,2,1,1,1,1,2,2,2,-99,2,2,4,4,2,2,4,4,4,4,2,2,1,1,1,1,1,3,2,4,2,2,3,4,4,4,1,1,1,1,1,1,1,1,4,4,3,5,5,5,1,4,2,2,3,3,2,3,3,3,2,4,4,3,3,2,5,1,1,2,1,2,2,2,2,2,2,1,3,4,2,4,1,1,2,4,4,4,4,4,4,4,4,4,1,1,3,2,2,4,2,2,1,1,1,1,1,5,1,1,1,2,2,1,1,1,1,2,4,4,4,4,4,4,4,4,4,4,4,4,4,4,4,4,4,1.9,1.333333333,4,4,4,3,52,16,1.8,4,1,1,0,1.571428571
2,hmo/eng,5,hmong,-99,1,1,0,4,4,2,2,1,4,4,1,1,1,1,4,5,3,3,-99,5,5,5,5,5,4,5,1,1,2,2,1,1,3,3,2,2,3,3,3,-99,1,1,2,2,2,2,2,2,2,2,2,2,2,2,2,2,1,2,2,3,1,4,2,1,2,4,1,1,2,2,2,2,2,2,2,2,1,2,2,2,2,3,1,1,3,3,2,2,3,3,2,3,3,3,2,2,4,3,3,3,1,1,1,1,2,3,3,2,2,3,2,3,2,2,2,3,2,2,2,4,2,2,2,2,2,2,2,2,3,5,4,4,3,5,3,4,5,5,3,4,5,4,5,4,2,5,5,5,3,2,3,4,2,2,4,-99,3,1,3,2,3,3,2,4,3,4.1,4.333333333,3,2.5,2.75,2,43,18,2.4,3,2,2,0,1.857142857
3,hmo/eng,4,hmong,14,1,1,-99,4,5,4,1,1,-99,2,1,2,2,1,3,4,-99,3,2,3,5,4,1,4,5,3,1,4,1,3,1,3,2,4,2,4,1,1,1,-99,3,3,3,1,1,2,2,4,2,4,3,3,1,4,2,4,2,4,2,2,1,3,2,4,4,4,3,2,3,2,2,3,3,3,4,3,2,2,3,1,2,3,1,1,1,2,2,2,3,4,2,4,4,5,5,3,5,4,5,5,3,1,1,1,4,3,3,2,2,2,4,3,1,1,2,4,4,2,2,3,2,3,4,2,1,2,2,3,2,2,3,4,1,-99,5,4,2,3,4,1,2,1,1,2,1,3,1,1,3,3,2,4,4,3,4,2,4,4,4,4,4,4,4,4,3,3.111111111,1.444444444,3.833333333,3.428571429,3.25,1.2,47,28,1.2,3,2,1,0,2.857142857
5,hmong,4,hmong,13,2,1,-99,5,4,4,1,1,3,2,1,2,2,1,5,5,1,3,5,5,5,5,5,5,5,5,3,2,1,3,2,3,1,1,2,2,3,3,4,-99,4,1,4,1,4,2,4,4,2,1,4,1,4,1,1,1,3,1,1,2,2,2,1,2,1,1,2,2,3,2,1,2,2,2,2,2,1,2,3,3,2,2,2,1,3,2,2,2,3,3,1,4,5,3,5,3,5,1,1,2,1,2,1,1,2,2,2,3,4,4,4,4,4,2,2,2,1,2,2,2,1,4,4,2,2,1,3,1,2,5,3,3,5,5,1,5,5,5,5,5,5,3,4,3,2,4,2,5,3,3,2,3,3,2,3,2,4,4,2,4,4,4,2,4,2,4.2,3.666666667,3.666666667,2.428571429,3,1.8,47,20,2.2,2,1,3,0,1.285714286
6,hmong,5,hmong,12,1,1,-99,4,4,2,1,1,3,2,1,1,1,1,5,5,4,2,4,4,4,4,4,3,2,4,2,2,2,2,2,2,2,2,2,2,2,2,2,-99,2,2,2,2,2,2,2,2,2,2,2,2,2,2,2,2,2,2,2,2,2,2,2,2,2,2,3,2,3,2,2,3,2,2,3,4,3,2,2,2,2,2,2,3,2,2,2,2,2,2,2,2,2,2,2,4,3,1,1,1,1,1,1,1,2,2,2,2,2,2,2,2,2,2,2,2,2,2,2,2,2,2,2,2,2,2,3,2,3,2,2,2,2,2,2,2,2,2,2,4,3,2,3,2,1,2,3,3,3,3,2,2,2,2,3,2,3,3,2,2,3,2,2,3,2,2,2.555555556,3,2.142857143,2,1.6,36,26,1.2,3,3,3,0,1
8,hmong,4,Eng,13,1,1,-99,4,4,2,1,1,3,3,1,4,2,1,3,3,4,3,5,4,3,5,4,4,5,4,2,2,2,2,2,2,3,3,2,3,2,2,1,-99,1,1,2,2,2,2,3,3,3,3,3,3,2,2,1,1,1,4,1,2,3,3,2,2,2,1,2,2,2,2,2,3,2,3,1,1,2,1,4,2,2,2,2,1,2,1,2,2,4,4,2,4,4,1,1,1,3,2,2,2,2,2,2,2,2,2,2,1,4,3,2,4,3,2,4,3,3,4,2,4,2,2,3,3,1,1,2,1,2,3,3,2,1,5,4,5,1,5,5,5,5,4,4,3,2,3,5,5,3,3,2,3,3,4,2,3,2,3,2,2,3,2,1,3,4,3.4,4,2.666666667,2.714285714,2.5,1.6,49,20,2.4,4,1,2,0,2
9,Hmo/Eng,3,hmong,14,1,1,-99,4,4,4,4,1,3,2,1,1,1,-99,2,5,3,5,3,4,3,3,4,3,3,3,4,4,1,1,1,1,2,2,2,2,3,3,1,-99,2,2,3,3,2,2,3,3,2,2,2,2,2,2,2,2,1,3,3,4,1,3,2,3,3,4,4,4,2,2,2,3,2,2,3,2,2,2,2,2,2,2,2,2,4,3,2,2,3,3,2,2,2,3,3,3,4,2,2,1,1,1,1,-99,2,2,-99,3,3,2,2,2,2,2,2,4,2,2,3,3,2,2,3,3,2,1,2,1,2,2,2,2,3,2,1,1,1,2,3,3,2,3,2,2,3,3,2,3,2,3,3,2,2,2,2,2,2,3,2,3,2,3,3,3,2,1.9,2.555555556,2.333333333,2.285714286,2.75,1.8,-99,26,1,2,3,1,0,1.333333333
10,hmong,5,hmong,12,2,1,-99,4,4,5,2,1,3,2,1,2,4,1,5,3,-99,3,4,5,5,5,4,5,3,4,2,2,1,2,1,1,1,1,1,1,2,2,2,-99,2,1,4,2,1,1,4,4,4,2,4,4,2,2,1,1,2,2,3,2,2,4,4,2,4,4,2,2,2,3,2,2,2,2,2,2,2,3,4,1,3,4,1,1,3,2,1,1,4,3,1,3,3,2,3,3,5,2,2,4,3,5,1,1,3,2,2,2,3,3,3,4,3,2,2,3,3,4,3,4,2,3,3,2,2,2,2,3,1,1,1,1,1,1,1,1,2,1,2,1,2,1,1,1,1,1,1,2,3,3,2,3,1,3,3,1,4,4,2,3,4,2,1,4,4,1.2,1.222222222,3.666666667,2,2.75,1.8,51,21,2,3,1,2,0,2.571428571
11,Hmo/Eng,3,Eng,16,1,1,-99,4,4,3,2,2,3,6,5,2,4,-99,3,5,5,4,5,5,5,5,5,5,5,4,2,2,2,2,2,2,3,3,2,2,2,2,3,-99,-99,-99,-99,-99,-99,-99,-99,-99,-99,-99,-99,-99,-99,-99,-99,-99,-99,-99,-99,-99,-99,-99,-99,-99,-99,-99,2,2,2,3,2,2,3,2,2,3,2,2,2,3,3,3,2,2,3,3,2,2,3,2,2,2,3,3,2,2,4,2,2,2,2,2,2,2,2,3,2,2,2,3,2,3,2,2,3,4,2,1,1,4,2,2,3,2,2,3,3,2,2,3,3,3,3,3,3,3,5,5,5,3,2,3,3,3,3,3,3,3,2,3,3,4,3,3,2,3,2,2,3,3,2,3,3,2,3,3.6,2.888888889,2,3.142857143,3,1.6,42,23,1.8,3,2,1,0,2
12,hmong,5,hmong,16,1,1,-99,4,5,7,1,1,2,2,1,1,1,0,5,5,3,4,3,5,5,5,3,2,5,5,2,1,3,2,2,2,4,4,4,4,1,1,1,-99,-99,-99,-99,-99,-99,-99,-99,-99,-99,-99,-99,-99,-99,-99,-99,-99,-99,-99,-99,-99,-99,-99,-99,-99,-99,-99,3,3,3,2,2,2,2,2,3,2,1,5,4,4,2,1,1,1,3,1,1,2,3,5,2,5,5,2,2,3,5,1,2,1,4,2,2,2,1,1,1,4,2,1,4,4,1,1,1,4,2,1,1,4,1,1,1,1,1,1,2,1,1,2,2,4,1,5,3,5,2,2,5,5,3,5,5,5,2,5,1,3,4,4,4,4,4,3,4,4,4,4,4,4,4,4,4,4,4,3.1,3.777777778,4,3.857142857,4,1.8,35,24,1.4,1,1,1,0,2
13,Hmo/Eng,4,hmong,14,1,1,-99,5,5,3,1,3,3,6,2,2,2,1,4,3,4,3,5,4,4,2,3,5,5,4,2,2,1,1,2,2,1,1,2,3,3,3,2,-99,-99,-99,-99,-99,-99,-99,-99,-99,-99,-99,-99,-99,-99,-99,-99,-99,-99,-99,-99,-99,-99,-99,-99,-99,-99,-99,2,2,3,2,2,1,2,2,2,2,3,3,3,2,2,3,2,3,4,2,2,2,2,3,2,4,3,2,3,3,4,3,1,2,2,2,1,1,2,2,3,2,2,3,2,3,2,2,2,3,2,3,3,4,2,3,3,2,2,2,3,2,2,2,3,2,1,4,3,2,2,3,5,1,4,2,1,4,2,2,1,2,4,3,4,4,3,2,4,2,4,4,3,2,4,4,2,4,4,2.7,2.111111111,4,2.714285714,3.5,2,45,20,2,3,2,2,0,1.714285714
14,hmong,4,hmong,13,1,1,-99,4,4,3,1,1,3,1,1,1,1,1,5,5,5,4,5,5,5,5,5,5,4,5,2,2,3,3,3,3,3,3,2,2,3,3,3,-99,-99,-99,-99,-99,-99,-99,-99,-99,-99,-99,-99,-99,-99,-99,-99,-99,-99,-99,-99,-99,-99,-99,-99,-99,-99,-99,3,3,3,2,2,2,2,2,2,3,2,2,2,3,2,3,2,2,3,2,2,2,3,3,2,3,3,3,2,2,3,2,2,2,3,4,1,5,1,1,1,2,2,1,2,1,1,1,1,2,1,1,1,3,1,1,1,1,1,2,3,2,2,3,2,2,2,3,2,3,3,2,4,3,4,4,4,3,2,4,2,2,3,3,1,3,1,3,4,2,2,4,3,2,3,1,2,3,4,2.6,3.111111111,3.166666667,2.428571429,2,1.8,24,24,1.4,3,4,3,0,2.714285714
15,hmo/eng,4,hmong,14,1,1,-99,5,4,3,2,1,3,1,1,2,2,1,5,5,5,5,4,5,4,5,4,3,5,4,1,1,1,1,1,1,2,2,2,2,2,2,2,-99,2,2,3,3,1,1,2,2,2,2,2,2,2,2,1,1,2,3,2,3,1,3,3,3,3,3,2,2,1,1,3,2,2,2,3,3,1,1,2,1,1,2,1,1,3,2,1,1,2,3,1,2,3,3,2,3,5,3,3,3,3,3,3,1,2,3,3,2,2,1,2,4,1,2,1,4,2,1,1,4,1,1,1,2,1,1,1,1,2,5,5,3,3,5,2,3,3,3,2,1,3,2,2,2,3,3,3,2,4,4,2,4,4,3,4,4,4,4,3,3,4,3,4,4,4,3.4,2.333333333,4,3.714285714,3,2.4,37,21,1.4,3,1,1,0,2.714285714
16,hmo/eng,5,hmong,12,1,1,-99,5,5,2,1,1,3,5,1,2,2,1,3,3,5,3,5,2,3,5,3,5,5,4,1,1,1,1,1,1,2,2,2,2,1,1,1,-99,2,2,3,3,1,1,3,3,2,2,3,3,1,1,1,1,1,2,1,2,1,2,2,4,3,4,2,2,1,1,3,2,1,2,4,4,2,1,3,1,2,1,1,1,4,2,1,2,2,3,2,2,3,5,1,5,5,2,2,3,1,2,1,1,1,1,2,4,2,1,4,3,2,2,2,4,3,1,2,4,1,2,1,2,1,1,2,1,2,1,1,2,1,1,1,1,2,1,3,1,1,2,1,1,1,2,1,1,4,3,3,3,2,3,4,2,4,4,2,3,4,4,3,4,4,1.4,1.222222222,4,2.571428571,3.5,2.6,41,22,1,1,2,1,0,1.714285714
17,hmong,2,hmong,13,2,1,-99,4,4,3,1,1,3,3,1,1,1,1,4,1,5,3,5,4,2,5,5,5,3,4,1,4,1,1,1,1,2,1,1,2,2,2,2,-99,3,3,3,3,1,1,2,3,3,3,3,3,4,3,2,1,1,4,1,3,1,4,4,3,4,3,2,2,1,1,2,2,2,2,2,3,1,2,3,2,2,5,3,1,3,1,3,3,3,3,3,3,4,2,3,5,5,3,4,4,3,4,3,1,3,1,4,2,3,2,3,4,2,3,4,4,3,4,3,4,2,3,4,2,1,1,1,1,1,5,5,5,1,5,5,1,1,3,1,1,2,1,5,5,1,1,1,2,4,4,2,4,4,3,4,4,4,4,3,4,4,3,4,4,3,3.2,2.111111111,4,3.714285714,3,2.4,54,19,1.8,3,1,1,0,3.142857143
18,hmong,4,hmong,14,1,1,14,4,4,2,2,1,4,2,1,2,4,1,3,3,3,2,3,3,3,3,2,3,3,3,1,1,1,1,1,1,3,2,3,3,2,2,1,-99,2,2,2,3,2,2,3,3,3,3,2,2,3,4,2,1,2,3,3,2,2,3,3,3,2,2,2,2,2,2,3,3,2,2,4,4,2,4,4,2,2,5,2,1,2,2,2,2,5,4,3,4,4,3,3,4,4,4,3,2,1,1,2,1,3,2,3,2,1,3,2,1,1,2,3,3,2,2,2,4,1,2,2,2,1,2,2,2,2,3,3,2,3,2,1,2,2,1,1,2,2,2,4,4,2,3,3,3,3,3,2,2,1,1,4,1,4,4,2,3,4,3,1,4,2,2,2.777777778,3.833333333,1.571428571,2.5,1.8,39,26,1,3,4,2,0,2
19,hmo/eng,4,hmong,14,1,1,-99,1,1,4,1,1,3,2,1,1,1,1,3,5,5,2,4,5,4,3,1,5,3,4,1,1,1,1,1,2,3,3,3,2,1,1,1,-99,2,2,3,3,2,2,3,3,1,1,3,3,2,1,1,1,1,3,1,3,1,4,4,4,4,4,2,3,1,1,3,1,1,1,3,4,2,2,3,2,1,1,2,1,3,4,2,3,4,2,1,2,3,2,5,4,5,5,3,1,1,1,1,1,1,2,1,3,2,1,1,4,1,1,4,3,1,1,1,3,1,1,1,3,1,1,1,1,2,3,1,5,2,1,1,4,2,5,1,3,3,3,4,1,1,3,1,5,4,4,4,4,4,1,4,1,4,4,1,3,4,3,2,-99,3,2.5,2.666666667,4,2.428571429,3.25,3,32,20,1,2,1,2,0,1.857142857
20,hmo/eng,4,hmong,13,1,1,-99,4,4,3,3,1,3,2,1,2,2,1,5,5,4,3,4,5,5,5,4,5,4,5,1,2,2,2,2,2,1,1,2,2,2,2,1,-99,2,2,2,3,1,2,3,3,2,3,1,1,2,3,1,1,2,4,2,2,1,2,4,3,3,3,2,3,3,3,2,2,2,2,4,4,2,3,3,2,1,1,1,1,4,2,1,1,3,3,1,2,4,3,2,3,5,4,3,2,3,4,5,1,2,2,2,3,2,3,4,3,2,2,3,4,3,2,2,4,1,2,2,2,2,2,2,3,2,3,4,2,2,2,2,3,2,4,1,2,3,2,3,2,1,4,1,3,2,3,3,4,3,1,3,3,4,4,3,3,4,4,3,4,4,2.5,2.333333333,3.5,2.857142857,3.5,1.6,46,27,1,2,2,1,0,3.142857143
21,hmo/eng,3,Eng,13,1,1,-99,4,4,3,2,2,3,2,1,1,1,1,3,2,5,5,5,3,2,5,2,5,5,5,3,3,2,2,2,2,3,3,3,3,2,2,2,-99,2,2,3,3,2,2,2,2,2,2,2,2,2,2,1,1,2,3,1,3,2,3,3,3,3,3,4,4,2,2,3,2,3,2,3,4,2,2,3,1,1,3,2,2,4,3,2,2,2,3,2,2,2,3,2,4,5,4,4,1,2,1,1,1,1,1,1,2,1,2,2,3,1,1,2,3,3,2,3,4,2,2,2,2,1,1,2,2,2,4,2,4,3,2,3,4,4,4,1,3,1,1,1,4,1,2,1,5,4,4,3,3,3,3,4,3,4,4,3,3,4,3,3,4,3,3.1,2.111111111,4,3.142857143,3,1.8,36,29,0.4,3,2,2,0,2
22,hmo/eng,4,hmong,13,2,1,-99,4,4,2,1,1,-99,2,1,4,1,0,5,5,5,4,3,5,5,5,5,5,2,5,1,1,1,1,1,1,1,1,1,1,1,1,1,-99,3,2,2,2,1,1,4,4,2,1,1,1,1,1,1,1,1,4,2,3,3,3,3,3,3,2,2,2,2,2,2,2,2,2,2,3,1,2,3,2,2,5,1,1,3,2,3,3,3,3,2,3,4,3,2,3,3,5,5,4,3,2,1,1,3,3,2,3,2,3,3,4,3,2,3,3,2,2,2,3,1,2,2,1,2,1,2,2,2,5,1,1,2,4,4,3,3,3,2,1,2,3,2,3,3,4,3,3,3,3,3,3,2,2,3,2,3,3,3,4,3,4,2,3,4,2.8,2.666666667,3,2.428571429,3.75,2,46,21,1.8,2,1,2,0,3
23,hmo/eng,4,hmo/eng,14,2,1,-99,5,4,2,2,2,3,1,1,1,1,0,5,5,5,4,5,5,5,5,5,5,4,5,1,1,2,2,2,2,1,1,1,1,1,1,1,-99,1,1,3,3,1,1,3,3,2,2,3,2,2,2,1,1,1,2,1,2,2,2,-99,-99,-99,1,3,2,2,2,1,2,2,2,2,3,3,1,1,4,-99,4,2,2,2,1,2,3,2,4,2,3,4,1,1,2,4,5,5,2,3,2,2,2,3,3,3,1,3,4,4,4,2,2,3,3,3,3,3,4,2,4,4,3,1,1,1,1,1,4,5,3,1,5,5,5,1,2,1,4,2,1,5,4,1,3,1,4,4,4,3,4,4,2,4,4,4,4,4,4,4,4,4,4,4,3.2,2.777777778,4,3.714285714,3.75,2,54,21,1.8,4,1,2,0,3
24,hmong,5,hmong,12,1,1,8,4,4,3,2,1,3,2,1,1,2,1,3,3,1,2,4,4,2,4,3,5,5,3,1,1,4,4,1,1,4,4,2,2,2,2,2,-99,1,1,3,2,2,2,3,3,4,3,3,2,2,2,1,2,2,4,3,2,1,2,2,4,3,2,2,2,2,2,1,2,2,2,2,3,1,4,5,2,1,4,1,1,3,1,1,1,4,5,1,4,4,2,3,4,5,2,3,1,2,1,2,1,3,3,2,3,3,3,2,3,2,2,2,3,2,3,3,3,2,2,3,3,2,1,2,1,3,3,2,2,3,4,2,3,2,3,3,3,4,4,2,3,2,4,3,4,3,2,3,3,3,4,4,2,4,4,3,4,4,3,2,4,1,2.7,3.222222222,3.833333333,2.714285714,2.75,2,46,20,2,2,2,2,0,1.714285714
25,hmong,4,hmong,13,1,1,-99,4,5,3,2,1,3,2,1,2,2,1,2,4,3,2,5,2,3,5,3,4,5,4,1,1,1,1,1,1,2,2,1,1,1,1,2,-99,2,2,2,1,2,1,3,3,3,3,2,2,2,2,2,1,1,3,1,2,1,2,3,3,2,3,-99,2,2,2,3,2,2,2,2,3,2,1,2,2,2,3,2,1,4,3,2,2,2,2,1,2,2,4,2,4,4,3,2,3,2,1,1,1,1,1,-99,3,2,2,3,3,1,1,1,3,2,2,1,3,1,2,1,1,2,2,2,2,2,2,1,1,1,1,1,1,2,1,1,2,2,3,2,3,1,4,1,1,4,4,3,2,2,2,4,2,4,4,2,3,4,3,2,4,3,1.2,2.111111111,4,2.285714286,3,2,-99,-99,1.5,2,2,2,0,1.857142857
26,hmo/eng,4,hmong,12,2,5,1,4,4,2,1,1,2,2,1,1,1,1,5,5,5,3,3,5,5,5,5,5,5,5,1,1,1,1,1,1,1,1,1,1,1,1,1,-99,1,1,4,4,1,1,3,3,1,1,1,1,1,1,1,1,2,4,1,4,2,4,2,4,1,1,2,4,2,1,2,1,1,2,4,4,1,2,2,1,1,2,1,1,4,1,1,1,3,4,4,2,1,1,1,5,5,5,5,2,3,1,1,1,1,1,1,4,2,1,4,3,1,1,3,4,4,1,1,4,1,1,1,1,1,1,1,1,2,3,1,5,3,5,3,3,5,5,3,3,2,4,3,4,1,1,1,3,1,4,4,1,4,4,4,4,4,4,4,4,4,4,4,4,4,3.6,2.444444444,3.5,3.571428571,4,2.6,38,23,0.8,1,2,1,0,2.571428571
27,hmo/eng,5,hmong,11,2,1,-99,4,4,4,1,1,4,1,1,1,1,1,4,5,4,2,4,3,3,2,3,2,4,2,2,2,2,2,2,2,3,3,2,3,1,1,1,-99,1,1,3,3,1,1,3,3,2,3,2,2,1,1,1,1,2,3,1,4,3,4,2,3,3,1,3,2,1,2,3,1,2,2,4,4,2,2,4,1,1,2,2,1,3,2,2,3,3,3,3,4,4,3,3,3,5,2,3,1,3,1,3,1,2,2,2,3,3,2,3,2,1,3,2,3,2,3,2,4,2,2,3,2,1,1,2,2,2,1,1,1,1,2,2,3,1,2,1,1,2,1,2,2,1,5,2,3,4,4,4,4,4,4,4,4,4,4,4,4,4,4,4,4,4,1.5,2.111111111,4,4,4,2.4,43,24,0.8,2,3,2,0,2
28,hmo/eng,2,Eng,11,1,1,-99,4,4,2,2,5,3,4,2,1,1,0,4,2,5,3,2,3,2,2,1,5,5,5,1,2,2,4,2,4,3,4,1,4,1,2,2,-99,2,4,1,4,1,2,4,4,1,4,1,1,1,3,2,3,1,4,4,4,2,1,1,2,1,1,3,3,1,2,2,2,2,1,4,4,3,4,2,2,2,2,1,3,3,1,1,2,3,4,2,3,4,1,3,2,5,5,5,1,1,1,1,1,2,1,1,3,1,1,4,4,1,1,1,4,2,2,1,4,1,1,2,1,1,1,1,2,2,1,1,1,1,1,3,1,1,2,5,1,1,2,1,3,1,3,1,1,4,4,4,4,4,4,4,4,4,4,4,4,4,4,4,4,4,1.7,1.555555556,4,4,4,2.4,35,24,0.8,2,1,1,0,2.142857143
29,hmong,4,hmong,13,1,1,-99,4,4,3,1,1,3,2,1,1,1,1,5,5,5,5,5,5,4,5,5,5,5,5,2,2,2,2,1,2,4,4,2,3,1,3,1,-99,2,2,2,2,2,2,1,2,2,2,1,3,3,4,2,3,1,4,3,3,2,4,4,4,3,3,2,2,2,2,4,3,2,2,3,4,3,2,5,2,2,1,3,1,2,2,1,3,4,4,2,2,2,3,3,3,5,2,4,3,3,2,2,1,4,1,2,3,2,1,2,4,2,2,3,2,2,2,2,3,2,2,2,2,2,2,2,2,2,2,3,3,1,2,2,1,2,2,3,2,3,2,1,2,2,1,1,3,2,4,3,4,4,1,4,3,4,4,2,3,4,4,4,4,4,2.1,1.888888889,3.666666667,3.142857143,3.5,1.8,41,26,1,2,1,3,0,2.428571429
30,hmong,4,hmong,14,2,1,-99,4,4,3,1,1,3,3,1,5,5,0,3,3,2,3,3,3,4,4,3,2,2,4,2,2,2,2,2,2,2,2,2,2,2,2,2,-99,2,2,2,2,2,2,3,3,2,2,2,2,3,3,2,2,2,3,2,2,1,3,3,3,3,3,2,2,3,2,2,2,3,2,3,2,1,2,3,2,1,2,1,1,1,4,1,1,1,3,1,2,2,3,1,3,5,1,2,3,4,3,2,1,2,2,1,2,3,1,2,4,3,1,1,4,3,3,2,4,3,2,3,1,1,1,1,2,2,3,1,3,2,3,3,3,2,1,3,2,2,3,4,2,4,5,2,3,3,3,3,4,3,3,3,2,2,4,4,4,2,2,3,3,4,2.4,3,2.833333333,3.142857143,3.25,1.6,43,23,1.8,3,1,1,0,2.285714286
31,hmong,4,hmong,14,1,1,15,4,4,2,2,1,2,2,1,3,2,0,3,5,4,3,3,3,3,4,3,3,4,3,2,2,2,3,2,3,2,2,2,2,1,2,1,-99,2,2,2,2,2,2,2,3,3,3,2,2,2,3,2,3,3,2,3,2,2,2,3,2,3,3,2,2,3,3,2,2,2,2,2,3,2,2,3,2,2,2,2,2,3,3,2,2,3,3,2,3,3,3,2,3,3,3,3,3,4,3,3,3,3,2,2,2,2,1,2,2,2,2,4,2,2,2,2,2,2,2,2,2,2,1,3,2,2,2,4,4,3,4,3,4,4,3,3,4,4,4,3,4,3,4,3,4,3,4,2,3,3,3,3,3,2,2,3,3,2,3,3,2,3,3.4,3.666666667,2.333333333,3.142857143,2.75,1.6,38,23,1.8,3,3,3,0,3.142857143
32,hmo/eng,4,hmong,14,1,1,-99,4,4,4,1,1,3,1,1,1,1,-99,5,5,3,2,5,4,3,4,4,3,4,4,1,1,2,2,2,2,2,2,2,2,2,2,2,-99,3,-99,3,-99,2,2,3,3,2,2,3,3,2,2,2,2,1,3,3,3,3,4,4,3,4,4,2,2,3,3,2,2,3,3,2,2,2,3,3,2,2,3,2,2,3,2,2,2,3,2,3,3,3,3,2,3,3,2,2,2,1,1,1,1,1,2,3,3,2,3,2,3,2,3,2,2,3,4,2,2,1,3,2,2,2,2,2,2,2,4,3,2,1,3,2,2,3,3,3,3,3,3,3,3,3,3,3,3,3,3,3,2,3,2,3,3,2,3,3,3,2,2,2,2,3,2.6,3,2.5,2.571428571,2.75,1.2,43,24,2,2,2,3,0,1.428571429
33,hmo/eng,3,hmong,14,2,1,-99,4,4,4,1,13,4,4,5,5,4,1,5,4,5,3,5,5,5,4,4,5,3,4,1,1,2,2,3,3,3,3,3,3,2,2,3,-99,3,2,3,3,2,2,4,4,4,4,4,4,2,2,2,2,2,4,3,2,2,3,3,2,3,3,2,2,1,2,2,3,3,2,3,4,3,2,3,2,2,4,1,1,5,3,1,3,3,3,1,3,3,2,3,3,5,2,1,2,2,2,2,2,2,1,2,3,4,2,3,2,2,2,3,2,2,1,2,4,1,1,3,2,1,2,3,3,3,3,2,1,1,3,1,2,3,3,3,2,3,3,3,2,1,4,1,3,4,3,4,4,2,4,4,2,4,4,2,3,4,3,2,4,2,2.2,2.444444444,4,2.714285714,3,1.8,39,24,1.4,2,3,3,0,1.857142857
34,hmo/eng,4,Eng,13,1,1,13,4,4,4,2,1,3,2,1,1,1,1,2,3,5,3,5,2,1,5,1,5,5,4,2,3,1,1,2,2,3,3,3,3,1,1,1,-99,1,1,2,2,2,2,3,3,2,2,2,2,2,2,3,3,2,4,3,3,1,2,4,3,4,1,2,1,1,2,2,2,1,2,-99,3,3,4,3,1,2,4,3,-99,3,5,3,3,3,4,1,3,4,5,4,3,5,5,5,1,1,1,1,1,3,1,4,3,2,3,3,4,1,1,3,4,3,3,1,4,1,3,1,1,1,2,2,3,2,2,1,1,1,1,1,3,3,1,5,3,3,1,1,5,1,4,3,3,4,3,4,4,4,2,4,4,4,4,2,3,4,1,2,4,4,1.9,2.666666667,4,3,3,2.4,47,-99,2,2,1,1,0,2.142857143
35,hmo/eng,2,Eng,13,2,1,-99,4,4,4,4,1,3,2,1,2,2,1,4,5,5,4,5,5,5,5,5,5,5,5,1,1,1,1,1,1,2,2,2,2,1,1,1,-99,2,2,2,2,1,1,1,1,1,1,2,2,2,2,2,2,3,3,2,2,2,3,2,3,3,1,3,2,2,2,2,2,2,2,3,3,2,2,3,1,1,1,1,1,3,3,1,1,3,3,1,3,3,3,2,3,4,2,1,1,2,2,2,1,2,2,2,3,2,3,2,1,2,2,2,3,1,2,3,3,2,3,2,2,1,1,2,1,2,3,2,4,2,3,1,1,4,1,1,2,4,1,2,3,1,4,5,3,1,3,2,3,2,1,4,4,4,4,3,2,4,3,3,4,4,2.2,2.777777778,3.5,2.714285714,2.75,2,40,23,1.4,2,4,2,0,1.571428571
36,hmong,7,hmong,12,1,1,12,1,1,2,1,1,2,5,1,2,2,1,1,3,5,5,5,3,3,4,2,5,4,5,1,2,2,2,3,1,1,1,-99,-99,3,2,3,-99,1,2,3,3,2,2,1,2,2,3,1,1,2,2,1,1,2,4,3,2,2,2,1,3,2,1,3,2,2,1,2,1,3,2,1,4,3,3,3,2,1,3,2,1,3,2,1,1,3,2,1,2,3,2,3,2,4,3,1,2,3,2,1,1,1,2,2,4,2,2,3,2,2,1,3,2,4,3,3,1,2,2,2,2,1,1,2,1,2,5,-99,3,3,4,3,3,4,4,2,4,3,3,3,2,4,2,3,4,3,2,2,3,2,2,4,3,1,2,4,3,2,2,2,4,2,3.444444444,3.111111111,2.666666667,2.571428571,2.25,2.2,41,21,1.6,1,3,3,0,1.857142857
37,hmo/eng,4,hmong,14,1,1,-99,4,4,2,2,1,3,2,1,1,1,1,5,4,5,4,4,4,4,5,4,3,5,4,2,2,2,2,2,2,2,2,3,2,2,2,1,-99,3,3,2,2,1,1,2,2,2,3,3,3,3,3,2,2,1,4,3,4,1,3,3,3,3,3,3,3,2,1,3,2,2,2,4,4,1,1,2,1,2,2,1,1,5,2,2,1,3,3,2,3,3,4,2,5,5,2,4,3,3,2,3,1,2,1,1,4,2,1,2,3,1,1,1,4,2,2,1,4,1,1,1,1,2,1,2,3,3,3,3,1,1,4,2,2,4,3,5,2,4,3,4,5,3,5,4,3,3,3,2,3,1,2,4,2,4,1,2,2,4,2,2,4,2,2.8,3.666666667,3.333333333,2.142857143,2,2.2,34,26,0.6,1,2,1,0,2.571428571
38,hmo/eng,5,hmong,11,1,1,8,4,4,3,2,1,3,2,1,1,1,0,4,4,4,3,5,4,5,4,4,5,5,4,1,1,1,1,1,1,3,3,2,2,2,2,1,-99,1,1,3,3,1,1,2,2,2,2,3,3,2,2,1,1,2,2,2,3,2,2,3,3,3,2,2,3,2,1,2,2,2,2,3,3,2,2,3,1,1,2,1,1,4,2,1,1,3,3,2,3,3,3,3,4,5,2,2,2,2,5,2,2,3,2,2,3,2,2,3,4,2,3,3,3,3,3,2,4,1,2,2,2,1,1,1,2,2,2,3,4,4,4,4,3,3,1,3,3,3,3,1,3,1,4,1,4,4,3,4,4,3,3,4,3,4,4,3,4,4,4,3,4,4,3.1,2.555555556,4,3.142857143,4,2.2,47,22,1.4,2,1,2,0,2.428571429
39,hmo/eng,4,Eng,13,2,1,-99,1,5,2,1,1,3,2,1,1,1,0,5,5,5,4,5,5,4,5,4,5,5,5,1,1,1,1,1,1,2,2,1,2,1,2,1,-99,2,1,4,4,1,1,1,1,1,1,1,2,1,1,1,1,1,4,1,3,1,4,3,3,3,3,2,2,2,3,2,2,2,2,3,3,2,1,3,1,1,1,1,1,2,1,1,1,3,3,1,2,3,2,1,2,5,4,3,1,1,1,1,1,3,3,3,3,3,3,2,4,2,3,2,4,2,2,2,4,2,3,3,2,1,1,2,1,1,1,5,5,3,3,3,2,2,3,2,3,4,3,4,5,1,4,1,3,4,4,3,4,4,4,4,4,4,4,4,3,1,3,4,4,4,2.9,3.111111111,3.5,4,3.25,1.8,50,23,1.6,2,1,1,0,1.714285714
40,hmo/eng,6,hmong,12,2,1,-99,4,4,3,1,1,3,1,1,1,1,1,5,3,4,2,5,5,5,4,5,5,4,5,1,1,1,1,1,2,1,2,1,2,1,1,1,-99,3,2,2,2,1,1,1,2,2,2,1,2,2,2,1,1,2,4,2,2,1,2,3,4,4,3,1,1,2,2,2,2,2,2,3,4,2,1,4,1,1,1,1,1,4,3,1,1,1,2,1,2,3,5,3,3,5,4,3,3,2,3,4,2,2,1,2,3,3,2,4,4,2,3,2,4,3,4,2,4,1,2,2,2,1,1,1,1,1,4,2,5,2,4,5,4,4,2,1,4,3,1,1,2,2,4,5,3,4,4,3,4,3,4,4,3,4,4,3,3,4,4,3,4,3,3.3,2.777777778,4,3.428571429,3.25,2,48,21,1.8,2,1,1,0,3
41,hmo/eng,5,hmo/eng,12,1,1,-99,3,4,3,1,1,2,4,1,-99,-99,1,5,4,3,3,4,5,4,3,2,2,4,4,2,2,2,2,3,3,1,1,1,1,1,1,2,-99,2,2,2,2,1,1,1,2,1,1,2,2,3,3,2,2,1,2,3,2,2,3,2,2,3,3,2,1,2,2,2,2,2,1,2,3,2,3,3,1,1,2,1,1,3,3,2,2,3,3,2,3,3,5,3,3,5,2,3,2,2,2,1,2,2,2,2,3,2,1,3,2,2,2,2,3,3,3,2,2,1,3,3,2,1,1,2,1,2,3,5,4,2,4,5,5,3,4,5,4,4,3,1,4,2,3,2,1,3,4,1,2,3,4,4,1,3,3,4,3,3,3,2,4,3,4,2.666666667,3.333333333,2.857142857,2.5,2.2,40,19,2,2,3,2,0,2
42,hmo/eng,4,hmong,13,2,1,-99,4,4,4,2,1,3,4,1,1,1,-99,3,3,5,2,5,5,2,4,2,5,5,2,3,3,2,2,4,4,3,3,1,1,4,4,2,-99,-99,-99,-99,-99,-99,-99,-99,-99,-99,-99,-99,-99,-99,-99,-99,-99,-99,-99,-99,-99,-99,-99,-99,-99,-99,-99,1,1,1,3,1,4,1,3,1,1,3,3,5,3,1,3,1,1,3,2,1,3,5,5,1,5,5,3,3,3,5,3,3,3,3,2,5,3,4,3,3,1,4,4,1,4,4,4,1,3,2,2,3,4,4,4,4,2,2,1,2,1,3,5,4,3,2,4,4,5,3,3,2,2,5,1,5,1,1,4,2,3,3,4,2,4,4,4,3,2,4,4,4,3,1,3,4,4,2,3.5,2.666666667,3.166666667,3.714285714,2.5,1.6,55,17,3,4,1,2,0,3.142857143
43,hmo/eng,4,hmo/eng,13,2,1,13,4,4,2,1,5,2,6,5,5,5,1,3,3,2,2,2,2,3,4,2,2,1,3,2,-99,2,-99,2,-99,3,-99,3,-99,3,-99,2,-99,2,-99,3,-99,1,-99,4,-99,3,-99,3,-99,1,-99,1,-99,2,3,3,3,3,3,3,3,2,2,4,3,2,2,3,2,3,2,2,2,3,3,4,1,1,2,1,1,4,3,2,2,3,4,2,3,3,4,3,2,5,4,3,2,2,3,2,1,1,2,1,3,1,2,3,4,1,1,1,4,1,2,1,4,1,1,1,1,1,1,2,1,2,3,2,1,1,2,1,1,3,3,1,1,2,3,3,4,3,1,1,2,4,4,2,2,1,3,4,1,4,4,2,1,4,3,1,4,1,1.8,2.222222222,4,2,1.75,1.8,34,25,1.2,2,1,1,0,2.428571429
44,hmo/eng,4,hmo/eng,12,1,1,12,4,4,4,2,1,2,1,1,1,1,1,3,5,4,4,3,4,5,5,4,4,2,5,1,1,2,2,1,1,3,3,2,2,1,1,2,-99,2,2,3,2,1,2,3,4,3,3,2,3,2,2,2,2,1,3,2,3,1,4,4,3,4,4,3,3,2,2,2,2,2,2,3,4,1,2,3,2,2,4,1,1,5,4,2,2,3,3,2,2,3,4,1,4,5,2,1,2,1,1,1,1,2,1,1,2,3,2,3,2,1,2,2,4,2,2,1,4,1,2,2,2,2,1,2,-99,2,3,2,4,2,3,3,2,2,1,3,1,2,3,4,5,1,3,1,3,3,3,3,4,3,3,4,2,4,4,3,3,4,3,2,4,4,2.5,2.555555556,3.833333333,2.857142857,3.25,2,37,25,1,3,3,1,0,1.285714286
45,hmong,3,Eng,14,1,1,-99,4,4,3,2,1,3,1,1,1,1,0,5,4,5,5,5,5,4,5,3,5,5,5,1,1,3,3,1,1,3,3,3,2,1,1,2,-99,2,1,1,1,2,2,1,1,3,3,1,1,2,2,2,2,1,4,1,3,1,4,4,4,4,4,2,3,2,2,3,2,2,2,2,3,2,1,3,1,1,1,1,1,2,3,1,2,3,3,1,3,3,4,2,2,5,2,2,2,2,2,2,2,1,1,1,3,3,2,2,3,1,2,1,3,3,1,1,4,2,1,1,1,1,1,1,1,1,5,3,2,3,5,5,2,5,5,2,5,3,5,1,5,3,4,4,3,3,4,3,3,3,2,4,3,3,4,3,3,3,3,3,4,2,3.7,3.666666667,3.5,3,2.75,2,35,23,1.4,2,2,2,0,2
46,hmo/eng,5,hmong,12,1,1,-99,1,4,2,2,2,3,2,1,-99,-99,0,1,5,4,1,4,3,2,1,1,3,1,4,1,1,2,2,1,1,2,2,2,2,1,1,2,-99,2,2,2,2,2,1,4,1,2,2,3,1,3,1,3,2,1,3,2,3,1,-99,-99,-99,-99,-99,2,3,-99,2,2,3,3,2,3,3,4,4,4,2,2,2,2,2,4,2,2,2,3,3,2,2,4,2,2,4,5,5,5,1,1,1,1,1,2,2,-99,1,2,2,2,1,1,2,-99,3,2,2,3,2,1,2,1,1,2,1,2,2,2,2,-99,2,-99,3,2,3,1,1,1,1,1,1,1,2,1,1,1,2,4,4,3,3,3,3,4,3,4,4,2,3,4,2,3,4,3,1.875,1.222222222,4,3,2.75,1.5,-99,-99,1.4,4,4,2,0,2.142857143
47,hmong,3,hmong,12,1,1,8,4,4,3,2,1,4,2,1,3,1,1,4,2,4,2,3,4,3,3,4,2,1,3,2,2,2,3,2,2,2,1,2,2,2,2,2,-99,2,3,-99,-99,3,2,3,3,3,3,1,2,2,3,1,2,2,3,3,2,2,2,3,3,3,3,2,2,2,3,2,3,2,2,2,3,2,1,2,2,2,2,2,2,2,3,1,2,2,2,2,3,2,3,2,2,3,4,4,4,4,3,5,3,1,3,1,2,4,1,2,4,3,1,1,2,4,1,2,4,1,1,1,1,1,1,1,2,3,1,1,5,-99,1,3,1,5,1,2,1,3,5,1,3,5,5,3,5,2,2,1,2,2,2,4,3,3,3,2,2,2,3,3,4,3,2.222222222,3.444444444,3,2.285714286,2.25,1.6,38,23,1.8,3,1,3,0,3.857142857
48,Eng,1,Eng,12,2,1,-99,3,4,2,4,1,-99,2,1,1,2,1,2,3,3,1,4,3,2,1,3,2,3,3,1,1,1,1,1,1,2,4,2,3,2,2,1,-99,3,3,2,2,1,1,3,3,2,2,1,1,1,1,1,1,1,3,4,4,2,4,4,3,4,4,4,4,2,2,2,2,2,2,4,4,3,2,3,1,1,2,3,1,3,3,2,2,3,3,3,4,3,4,3,3,5,5,4,1,1,1,4,1,1,1,1,3,2,1,4,4,1,1,2,3,2,1,2,3,1,1,2,1,1,1,1,1,1,3,1,3,1,1,1,1,1,1,1,2,2,1,1,2,1,4,1,2,3,4,3,3,2,2,4,2,4,4,2,2,4,2,2,4,2,1.4,1.777777778,3.833333333,2.428571429,2.25,2,34,28,0.4,2,1,2,0,2.428571429
49,hmo/eng,5,hmong,12,1,1,-99,4,4,2,1,1,1,4,1,2,2,1,2,5,5,1,5,3,3,5,2,5,5,5,2,2,2,1,1,1,2,2,1,1,2,2,2,-99,2,2,2,2,2,2,3,3,2,2,1,1,2,2,2,2,2,3,2,2,1,3,1,3,1,4,2,1,2,2,2,2,1,2,2,1,1,1,2,2,2,2,1,1,1,1,2,2,4,5,1,5,5,1,2,4,5,3,3,1,1,1,3,1,2,3,1,2,3,2,4,4,2,2,3,2,2,2,3,4,1,2,3,2,1,1,2,1,2,1,2,1,1,3,5,5,3,1,3,2,4,5,4,5,1,3,1,5,3,4,2,3,4,3,4,2,2,4,3,4,1,3,4,4,2,2.5,3.333333333,3,3.285714286,2.75,2.2,44,17,2.4,3,1,3,0,1.857142857
50,hmo/eng,5,hmong,12,2,1,-99,4,4,5,1,1,3,6,4,4,1,0,4,4,3,3,4,3,5,5,3,4,4,5,1,1,1,1,1,1,2,2,2,2,2,3,2,-99,2,2,2,2,3,2,3,2,2,2,2,3,2,3,3,3,2,3,1,2,3,3,3,2,2,3,2,2,2,2,2,2,2,3,2,2,2,1,3,3,1,3,2,1,3,2,2,2,3,4,3,3,3,3,3,2,5,2,1,1,1,-99,1,1,2,2,3,2,3,3,3,3,2,3,3,2,2,3,3,3,1,2,3,4,1,1,2,1,2,3,5,4,3,5,3,5,2,4,1,4,3,4,2,4,2,3,3,2,1,3,3,3,3,2,3,3,4,4,2,3,3,4,3,4,4,3.5,3,3.166666667,2.714285714,3.5,1.8,45,21,2,3,2,3,0,1.166666667
51,hmo/eng,6,hmong,14,2,5,14,4,4,4,2,1,3,1,1,1,1,1,5,5,5,4,5,5,5,5,5,5,4,5,1,1,1,1,1,1,1,2,2,2,1,1,1,-99,3,2,2,2,1,1,1,2,1,2,2,2,2,2,2,2,1,4,2,3,2,4,4,4,4,4,2,2,2,2,2,2,2,2,3,3,2,2,3,2,1,3,1,1,4,3,2,1,3,3,1,2,3,3,2,3,5,4,4,5,5,5,5,5,2,2,2,3,3,1,4,4,2,2,2,4,2,2,2,4,1,2,2,2,1,1,1,1,1,3,4,3,2,3,4,3,3,4,2,2,1,3,4,4,2,5,2,5,4,4,4,4,4,4,4,4,4,4,2,3,4,4,4,4,4,3.1,3.111111111,4,3.714285714,3.75,2,44,22,1.6,2,1,1,0,4.714285714
52,hmo/eng,4,hmo/eng,11,1,1,-99,4,-99,3,2,1,2,2,1,1,1,1,2,4,4,3,4,3,3,2,2,3,2,2,1,1,2,2,2,2,3,3,1,1,2,2,1,-99,2,2,2,2,1,1,2,2,2,2,2,2,1,1,1,1,1,2,2,2,2,4,-99,2,4,4,2,2,2,3,2,2,3,1,2,3,1,2,3,2,2,3,1,1,3,3,2,2,3,3,2,2,3,3,3,3,5,3,1,1,1,1,3,1,1,1,1,3,2,1,4,3,2,2,1,4,2,4,2,4,1,1,2,1,2,2,2,2,3,3,3,3,3,4,4,1,2,2,5,1,1,3,1,1,1,1,1,1,4,4,1,1,1,2,4,2,4,4,2,1,4,3,3,4,3,3,1.222222222,4,2.142857143,2,1.8,39,22,1.8,2,2,1,0,1.571428571
53,hmo/eng,4,Eng,12,2,1,-99,4,4,3,2,3,2,4,2,2,1,1,3,4,3,2,3,3,3,3,1,4,2,3,1,2,1,1,1,1,2,2,1,2,3,2,1,-99,2,2,2,2,1,1,1,2,2,4,1,2,1,1,1,2,2,4,1,4,2,2,4,2,4,2,2,2,2,3,1,2,3,2,3,3,2,2,3,2,2,3,1,1,3,3,2,1,3,3,2,3,5,4,3,2,5,2,3,1,2,1,1,1,2,2,1,3,2,2,4,4,1,2,3,4,1,2,3,4,2,2,3,3,1,2,2,2,4,2,3,2,3,3,3,3,2,2,4,3,2,3,5,5,1,5,3,5,3,3,2,2,2,1,3,3,4,4,2,3,4,3,3,4,2,2.7,3.555555556,3.666666667,2.285714286,2.5,1.6,44,23,1.8,2,1,1,0,1.571428571
54,hmo/eng,4,hmo/eng,14,2,1,-99,4,4,3,2,3,2,2,2,4,1,1,1,3,1,3,2,3,4,5,2,2,1,2,2,3,2,2,2,-99,3,2,2,1,2,1,2,-99,3,3,2,3,2,2,4,4,2,2,1,1,2,3,3,2,2,4,3,2,3,3,1,2,1,2,2,1,2,2,2,2,2,2,2,3,2,2,3,2,2,2,1,2,3,1,2,2,2,3,2,2,2,3,3,3,5,2,1,4,2,1,2,-99,3,3,3,2,4,3,3,3,4,2,2,3,1,2,1,2,1,1,1,1,1,2,2,1,2,5,2,5,5,5,4,3,4,5,3,1,2,2,3,2,3,2,2,1,3,3,2,4,1,1,3,2,2,3,3,4,1,3,2,3,2,4.1,2,2.5,2.285714286,2.75,2,43,20,2,3,2,2,0,2
55,hmo/eng,1,hmo/eng,13,2,1,-99,4,4,2,6,1,3,2,1,4,2,1,1,3,1,2,2,3,2,1,1,5,4,2,1,1,1,1,1,2,4,4,2,3,3,3,2,-99,2,2,2,1,3,3,4,4,2,2,1,1,3,2,3,3,1,4,2,2,2,1,4,4,3,4,3,4,2,2,3,3,2,2,3,4,2,2,3,1,2,2,3,2,3,3,2,3,4,4,3,4,4,4,1,5,4,2,2,1,1,1,1,1,2,2,3,3,1,1,3,3,1,1,3,3,2,2,2,3,2,2,1,1,1,1,1,1,2,3,3,3,2,5,4,3,1,4,3,1,1,3,4,3,1,1,1,3,4,2,3,4,1,1,4,1,4,4,1,3,4,4,1,4,3,3.1,2,4,1.571428571,3.25,1.8,39,28,0.6,2,2,2,0,1.285714286
56,hmo/eng,5,hmong,13,1,1,-99,4,4,2,1,1,4,1,1,1,4,1,5,5,5,2,1,5,5,5,5,4,5,4,1,2,1,1,1,1,1,1,1,1,1,1,1,-99,-99,-99,-99,-99,-99,-99,-99,-99,-99,-99,-99,-99,-99,-99,-99,-99,-99,-99,-99,-99,-99,-99,-99,-99,-99,-99,3,3,1,1,3,2,1,2,2,3,1,3,3,1,1,1,1,1,5,3,1,1,2,3,1,3,3,4,1,5,5,2,1,1,1,1,1,1,2,1,1,3,4,1,3,4,1,1,1,3,2,2,1,4,1,1,1,1,1,1,2,1,1,2,1,1,1,2,1,2,1,1,1,1,1,1,1,1,1,1,1,1,4,2,1,2,4,1,4,1,4,4,1,4,4,3,4,4,3,1.3,1,4,2.142857143,2.75,2.6,36,21,1.2,2,1,2,0,1.142857143
57,hmong,4,hmong,12,2,1,-99,5,5,3,1,1,2,2,1,5,5,1,5,5,5,3,5,5,5,5,5,5,5,5,1,1,1,2,1,1,1,1,1,1,1,3,1,-99,1,1,4,4,1,1,2,2,1,1,2,2,2,2,2,2,2,4,2,-99,1,4,4,4,4,4,2,1,2,2,1,2,2,1,3,3,3,3,4,2,1,-99,2,1,1,3,3,3,5,5,3,5,5,2,5,4,3,4,4,2,1,1,2,2,1,2,3,1,3,4,2,3,2,4,4,2,4,4,4,3,4,4,4,4,1,1,1,1,1,3,1,1,1,4,3,1,1,5,3,3,4,2,2,5,2,1,1,1,3,4,3,4,3,2,3,4,1,3,4,4,1,3,4,3,2,2.3,2.333333333,2.333333333,3.571428571,3,2.2,54,19,2,4,2,3,0,2.285714286
58,hmo/eng,2,Eng,12,1,1,-99,-99,4,4,2,1,3,1,1,1,1,0,4,1,1,1,5,3,3,1,-99,3,2,1,1,1,1,1,1,1,1,1,2,2,1,1,2,-99,1,2,3,3,1,1,1,1,1,1,2,2,2,2,1,1,1,4,1,4,1,4,4,3,4,4,4,3,2,3,3,2,2,2,3,4,3,2,2,1,1,1,3,1,2,4,2,2,2,3,2,3,2,5,1,3,5,1,2,1,1,2,2,1,2,1,2,3,2,3,3,3,1,2,2,3,2,2,1,2,1,3,1,1,1,2,1,1,2,2,2,3,1,1,1,1,1,2,1,1,1,1,1,3,1,1,1,1,4,3,3,3,2,2,4,2,4,4,3,4,4,4,2,4,3,1.5,1.222222222,4,2.428571429,3.5,1.8,38,28,0.6,2,2,2,0,1.428571429
59,hmo/eng,4,hmong,12,1,1,-99,4,4,3,2,13,3,4,1,2,4,0,3,5,3,3,4,4,5,1,3,5,1,3,1,1,3,3,4,4,3,3,2,2,1,1,1,-99,4,4,2,2,2,2,3,3,3,3,2,2,3,3,2,2,2,4,3,3,1,3,4,2,2,2,3,3,2,3,2,2,3,2,2,3,2,1,3,1,1,4,1,1,3,4,1,2,2,3,2,2,3,5,2,3,5,2,2,2,2,1,1,1,2,2,2,2,2,2,3,3,2,2,2,3,2,2,1,4,2,3,1,2,1,1,2,1,2,3,2,2,2,1,2,1,1,3,2,5,2,4,3,3,1,4,3,3,4,3,2,3,1,2,4,2,4,4,3,2,4,1,1,4,2,1.9,3.111111111,4,2.142857143,1.75,1.6,41,25,1.4,3,2,2,0,1.571428571
60,hmo/eng,4,hmong,14,2,1,-99,4,4,4,2,1,3,2,1,1,1,1,4,4,2,2,5,5,3,3,2,5,5,4,2,1,1,1,1,1,3,3,2,2,2,2,2,-99,2,2,2,2,2,2,4,3,1,2,2,3,3,3,1,1,4,4,2,2,1,4,2,3,2,1,2,2,2,2,1,2,2,2,2,4,2,3,4,1,1,2,1,1,4,1,3,2,4,4,3,4,5,2,4,3,4,3,2,4,2,4,1,1,2,3,3,2,3,2,2,3,2,2,3,4,1,2,3,4,3,2,3,2,1,1,1,1,2,5,1,3,2,5,3,5,3,5,5,3,3,1,5,2,1,3,4,5,4,3,3,4,3,2,4,2,4,4,2,4,3,2,2,4,2,3.7,3,3.833333333,2.571428571,2.75,2,46,21,1.8,3,2,1,0,2.428571429
62,hmo/eng,4,hmo/eng,14,1,1,-99,4,4,2,1,1,3,4,1,1,1,1,5,5,5,4,5,5,4,5,5,4,5,5,2,1,2,2,1,2,1,1,2,2,1,2,1,-99,4,3,3,3,2,2,2,2,2,2,3,2,2,2,2,2,2,4,2,2,2,4,4,3,4,3,3,2,1,1,2,2,2,3,4,4,2,1,3,2,2,3,2,2,4,3,2,3,2,2,1,1,2,4,3,2,4,3,2,3,3,2,3,1,2,1,1,3,-99,2,4,4,1,2,2,4,3,2,2,4,2,2,2,1,2,2,3,2,2,4,3,3,3,3,4,2,1,1,1,3,2,5,3,4,3,4,3,3,4,4,4,4,4,3,4,4,4,4,3,4,4,4,4,4,4,2.5,3.333333333,4,3.714285714,4,2.2,-99,24,1,2,1,1,0,2.428571429
63,hmo/eng,6,hmong,14,1,1,-99,4,4,3,1,1,2,2,1,-99,1,0,5,5,5,5,5,5,5,5,5,5,4,5,1,1,1,1,1,1,1,1,1,1,1,1,1,-99,1,1,3,3,1,1,2,2,2,2,1,2,1,2,1,1,3,3,2,2,3,3,2,3,4,3,3,2,2,2,2,1,3,1,3,3,2,1,1,1,1,3,1,1,3,1,1,1,3,2,1,3,3,4,1,3,5,1,3,1,1,1,1,1,3,1,1,2,2,1,3,2,1,2,1,2,1,1,1,3,1,1,1,1,1,1,2,1,3,3,3,3,3,3,3,3,3,3,3,5,4,4,5,5,3,5,5,5,4,2,4,4,4,4,4,4,4,4,4,4,1,4,4,4,4,3,4.555555556,3.5,3.714285714,4,2.2,29,22,1.4,3,3,3,0,1.285714286
64,hmo/eng,3,hmong,15,2,1,-99,4,4,2,3,1,3,1,1,1,1,0,4,5,4,4,5,4,3,1,2,4,4,3,1,1,1,1,1,1,3,2,2,2,1,1,3,-99,3,2,2,3,2,2,4,4,3,3,1,1,3,2,1,1,2,4,2,3,2,3,3,3,3,3,2,2,2,2,3,3,2,2,3,4,2,2,4,2,1,2,2,1,3,1,2,3,4,4,3,4,4,3,3,2,5,2,3,4,1,2,3,1,2,1,1,4,4,2,3,4,1,1,2,4,2,2,1,4,2,2,2,1,1,1,2,1,2,4,5,5,3,5,5,5,5,5,5,1,5,1,5,5,2,3,3,3,3,4,3,4,1,3,3,1,1,4,2,4,1,4,1,4,3,4.7,3.111111111,2.666666667,2.285714286,3.5,1.8,42,25,1.2,1,1,1,0,2.285714286
65,hmong,4,hmong,14,2,1,-99,4,4,2,1,1,3,2,1,2,2,1,5,5,5,4,4,5,5,4,5,4,2,4,1,1,1,1,1,1,2,2,1,1,2,2,1,-99,2,2,1,1,1,1,2,2,2,2,1,1,1,1,1,1,1,1,1,2,1,4,4,4,4,4,2,2,1,1,2,1,1,1,1,2,1,3,2,1,1,1,1,1,3,2,1,1,3,3,1,2,2,2,1,3,5,4,3,4,4,4,4,4,3,1,2,4,3,2,4,4,3,1,1,4,2,1,1,4,1,3,1,2,1,1,2,2,1,3,3,4,2,4,3,4,3,2,4,4,2,1,1,4,1,5,5,5,2,2,4,4,4,4,4,4,2,4,4,4,2,4,3,4,4,3.2,3.111111111,3,3.571428571,4,3,44,14,2.2,1,1,1,0,3.857142857
66,hmo/eng,5,hmong,14,1,1,14,4,4,2,2,1,3,1,1,2,2,1,5,5,5,4,5,5,5,5,5,5,5,5,1,1,1,1,1,1,1,1,1,1,1,1,1,-99,2,2,2,2,1,1,1,1,1,1,1,1,1,1,1,1,1,4,1,2,1,4,4,4,4,4,4,4,1,1,4,1,1,1,4,4,1,1,1,1,1,1,1,1,5,5,1,1,1,2,1,1,2,5,1,5,5,3,3,2,1,1,2,1,1,1,1,4,1,1,4,4,1,1,1,4,4,1,1,4,1,1,1,1,1,1,1,1,1,2,1,3,1,1,1,1,1,1,1,1,1,1,1,1,1,1,1,1,4,4,4,4,1,4,4,4,4,4,4,4,4,4,4,4,4,1.3,1,4,3.571428571,4,3,36,25,0,1,1,1,0,1.857142857
67,hmo/eng,4,hmo/eng,15,1,1,-99,4,4,2,1,1,3,4,1,1,1,0,2,4,3,1,4,2,2,4,2,4,4,4,2,2,2,2,2,2,3,3,3,3,3,3,2,-99,3,3,3,3,2,2,3,3,2,2,2,2,3,3,2,2,2,3,1,2,2,3,3,3,3,3,3,2,2,3,2,3,2,3,3,3,2,2,2,2,2,4,1,3,2,3,3,2,2,2,2,2,2,3,2,2,4,4,4,1,3,2,1,-99,1,1,1,2,2,2,3,2,2,1,2,2,2,1,1,4,2,2,1,1,2,2,3,3,3,3,2,3,2,1,1,1,2,2,2,1,2,2,2,2,2,5,3,2,1,4,3,4,3,2,1,4,4,4,2,4,4,3,3,4,4,1.9,2.333333333,3,3.142857143,3.5,1.4,33,26,1.4,3,3,3,0,2.5
68,hmo/eng,4,Eng,11,1,1,-99,4,4,3,2,5,3,3,2,2,2,1,3,5,1,1,4,3,4,4,1,3,3,3,2,-99,1,-99,1,-99,4,-99,3,-99,2,-99,1,-99,4,-99,4,-99,3,-99,4,-99,3,-99,2,-99,4,-99,2,-99,1,4,3,2,2,1,3,3,3,4,3,3,3,-99,2,2,2,1,2,3,2,1,2,2,2,4,2,1,2,-99,4,3,-99,2,3,1,4,5,2,3,5,2,2,2,2,2,1,1,2,1,1,3,2,2,3,2,2,1,1,2,2,1,1,4,1,1,1,2,1,2,1,1,2,3,1,1,1,2,1,2,3,1,2,1,1,1,1,1,1,3,3,2,3,4,1,2,1,2,4,1,4,4,2,3,3,1,2,4,1,1.7,1.555555556,3.666666667,2,1.5,2,32,-99,1.4,2,3,3,0,1.714285714
69,hmong,4,hmong,11,1,1,-99,4,4,4,2,1,4,4,1,1,1,-99,4,5,4,3,4,4,3,3,4,5,2,3,2,2,2,2,2,2,4,4,3,3,3,3,2,-99,3,3,2,2,1,2,3,3,1,2,3,3,3,3,3,3,2,4,3,3,2,3,3,3,3,2,1,1,2,3,2,3,2,3,1,2,3,1,3,2,3,1,2,2,3,3,2,3,3,4,3,3,3,2,2,3,4,3,3,1,1,1,2,1,2,2,3,2,4,3,2,2,3,1,1,2,2,3,2,1,2,3,3,2,3,2,3,2,3,4,4,3,2,5,2,2,3,5,1,1,2,3,1,2,1,2,3,4,3,4,3,2,4,2,4,3,3,4,2,3,3,3,3,4,3,3.1,2.111111111,3.5,2.857142857,3,1.4,40,20,2.6,3,3,3,0,1.714285714
70,hmo/eng,4,hmong,12,1,1,12,4,4,2,1,1,5,4,1,3,2,-99,4,5,4,4,3,5,4,4,3,3,3,3,2,2,1,1,1,-99,1,1,1,2,2,-99,2,-99,3,-99,-99,2,1,1,1,1,-99,2,1,1,-99,2,-99,1,2,1,2,2,2,2,1,2,1,2,3,2,2,2,1,2,2,2,2,2,2,1,3,1,1,3,1,1,3,3,1,2,3,2,2,1,2,3,4,3,5,2,2,3,2,3,3,1,4,2,2,2,2,2,2,3,2,2,4,3,2,3,2,2,2,3,2,2,2,1,2,2,2,3,4,4,3,2,4,2,3,2,3,4,3,4,3,2,2,5,3,4,3,2,2,2,3,3,3,2,3,4,3,2,4,2,2,4,3,3,3.333333333,3.5,2.428571429,2.25,2,44,20,2,3,2,2,0,2.285714286
71,hmo/eng,3,Eng,11,1,1,-99,4,4,2,1,1,5,4,1,2,4,-99,3,5,2,2,4,3,2,5,4,5,5,4,1,2,1,1,1,2,3,4,1,1,2,2,1,-99,1,1,4,3,1,1,2,1,1,2,3,3,1,1,1,1,2,4,1,3,2,3,4,3,4,4,3,4,1,2,3,1,1,1,3,3,3,3,4,2,2,1,2,2,3,2,2,3,3,2,2,2,4,2,1,1,4,3,4,1,3,4,4,2,2,1,1,4,3,1,1,3,1,2,3,3,4,2,2,4,3,3,3,2,1,1,1,2,2,2,3,3,1,2,4,3,2,4,5,3,2,1,4,2,1,3,1,4,4,4,2,3,2,1,4,2,4,3,3,3,3,3,2,4,3,2.9,2.333333333,3.666666667,2.428571429,2.75,2.8,43,22,0.8,1,2,2,0,3
72,hmo/eng,4,hmong,13,2,1,-99,2,4,2,2,1,3,2,1,5,5,1,3,5,4,3,5,4,3,5,3,5,3,4,1,2,2,2,2,2,1,2,1,2,1,2,2,-99,1,2,4,3,1,2,1,2,1,2,1,2,1,1,1,3,2,2,1,2,2,-99,2,2,1,2,3,2,1,2,1,2,2,1,3,3,3,2,4,1,1,1,1,1,3,3,1,1,4,3,2,2,4,2,3,3,4,3,2,1,3,2,1,1,2,2,3,3,3,3,4,3,2,2,2,4,2,3,2,3,2,3,2,2,1,1,2,1,1,2,3,4,1,1,3,1,1,3,2,2,1,2,3,3,1,1,1,2,4,4,2,3,3,3,4,2,4,4,3,2,4,2,3,4,2,2.1,1.777777778,4,3,2,2.4,48,20,1.6,2,2,1,0,1.857142857
73,hmo/eng,5,hmong,13,2,1,13,4,4,4,1,1,3,1,1,1,1,1,5,5,5,5,5,5,5,5,5,5,5,5,1,1,1,2,1,1,2,2,1,1,2,2,1,-99,3,3,3,3,2,2,4,4,2,2,4,4,3,3,1,1,1,3,1,3,1,4,4,3,4,4,1,3,2,3,1,2,1,2,1,3,1,1,3,3,4,3,3,3,2,4,3,3,2,2,3,2,2,5,1,3,5,4,4,2,4,4,1,3,4,4,4,2,1,4,2,3,2,4,2,3,3,4,4,3,1,4,4,2,1,1,1,1,3,1,1,1,2,5,5,5,1,5,1,3,4,5,5,5,1,1,5,1,2,3,4,4,4,4,4,4,4,4,4,4,4,4,4,4,4,2.7,3.333333333,3.666666667,3.857142857,4,2,54,19,2.2,3,2,2,0,3.142857143
74,hmo/eng,4,Eng,11,2,1,-99,5,4,4,1,1,3,2,1,1,1,1,5,5,3,2,3,5,4,5,4,3,2,3,1,1,1,1,1,1,2,2,2,2,1,1,1,-99,2,2,1,1,1,1,2,2,2,2,3,3,2,2,2,2,2,2,1,2,2,2,3,2,3,2,2,2,2,1,2,2,2,2,2,2,1,3,2,2,1,2,3,1,2,2,2,1,3,3,2,3,3,3,3,4,5,3,3,2,1,3,2,1,3,3,3,3,2,3,3,4,3,3,3,4,3,3,3,4,2,3,2,3,1,1,1,1,2,3,1,5,2,3,4,3,3,5,1,1,1,2,2,3,2,4,3,2,3,3,3,4,4,4,3,3,2,3,4,4,2,3,3,3,4,3,2.222222222,2.666666667,3.571428571,3.5,2.2,55,19,2,2,1,1,0,2.142857143
75,hmo/eng,3,Eng,14,1,1,-99,1,4,2,2,1,3,1,1,1,1,0,2,2,1,1,1,2,2,3,3,5,2,3,1,1,1,1,1,1,2,2,2,2,2,2,2,-99,2,2,3,3,1,1,2,2,2,2,2,2,2,2,1,1,2,3,1,4,2,4,4,3,4,4,3,3,2,2,2,1,2,1,4,4,2,2,2,2,1,2,2,2,4,3,2,2,2,3,1,2,2,3,1,4,5,3,4,1,3,1,1,1,2,1,2,4,2,2,2,3,1,2,3,4,2,2,1,4,2,2,1,2,2,1,2,1,2,2,3,2,2,1,2,3,2,2,2,1,2,1,3,2,1,1,1,1,4,3,4,4,3,2,4,3,4,4,2,4,4,4,2,4,4,2.1,1.444444444,4,2.714285714,4,2.4,41,24,0.8,1,2,1,0,2
76,hmo/eng,3,hmo/eng,13,2,1,13,4,3,2,1,1,-99,3,1,1,2,1,4,5,3,5,4,5,5,4,5,5,3,5,1,1,1,1,1,1,2,2,1,1,2,2,1,-99,1,1,1,1,1,1,2,2,2,2,2,2,1,1,1,1,1,2,1,2,1,4,4,2,-99,3,3,2,2,2,1,1,2,2,1,2,2,1,2,2,2,2,1,1,3,3,1,1,1,2,1,1,2,4,4,3,3,1,1,3,3,3,2,2,1,1,2,2,3,2,3,4,2,2,3,4,3,3,2,4,2,2,2,2,1,1,1,1,2,4,3,3,3,4,5,5,5,3,4,5,5,5,5,4,4,5,5,5,3,2,3,4,4,2,3,2,3,3,3,3,2,2,3,3,2,3.9,4.777777778,2.833333333,2.857142857,2.5,2.2,45,18,2.2,3,1,1,0,2.142857143
77,hmong,5,hmong,17,2,4,14,4,4,3,1,1,3,2,1,1,1,1,2,2,3,2,2,4,4,4,4,3,4,4,2,2,3,3,1,1,2,2,2,2,2,2,2,-99,2,2,2,2,2,2,2,2,1,1,3,3,2,2,2,2,1,2,2,1,4,2,2,2,2,1,3,3,1,2,2,2,2,2,4,4,1,1,2,1,1,3,1,1,3,3,1,1,1,3,1,2,3,1,1,3,5,1,2,3,2,2,2,2,3,2,3,2,2,2,3,4,1,2,2,4,3,3,2,4,2,2,2,2,2,1,2,1,2,3,3,3,1,2,2,1,2,1,1,1,1,1,4,5,1,3,2,5,4,4,4,4,4,4,4,4,3,4,4,3,4,4,4,4,4,1.9,2.555555556,3.833333333,4,3.75,2.2,46,25,0.8,3,1,1,0,2
78,hmong,2,hmong,12,1,1,12,4,4,4,1,1,3,4,1,2,1,0,5,5,5,3,3,5,5,5,4,5,1,5,2,2,2,2,2,2,4,4,3,3,2,2,2,-99,2,3,3,3,3,3,3,3,3,3,3,3,3,3,2,2,1,4,1,3,2,1,3,3,4,4,4,3,1,1,2,2,1,1,4,4,3,1,3,2,2,3,1,1,3,2,1,1,3,4,2,3,3,2,4,4,3,1,1,1,5,1,1,1,1,2,1,4,3,1,1,3,1,1,1,4,1,1,1,4,1,1,1,1,1,1,2,1,1,1,1,1,1,1,1,1,5,1,1,1,1,1,1,3,1,1,1,1,4,1,4,4,4,3,4,4,4,4,4,4,4,4,4,4,4,1.4,1.222222222,4,3.428571429,4,2.8,32,23,0.6,1,2,1,0,1.571428571
79,hmo/eng,4,hmong,13,2,1,-99,4,4,3,2,1,3,1,1,1,1,1,5,5,5,4,4,5,5,5,5,5,5,5,2,1,3,2,1,1,2,2,2,2,1,2,1,-99,1,1,4,4,1,1,2,1,1,1,1,1,2,1,1,1,2,3,3,-99,1,-99,4,3,4,4,2,2,2,1,2,2,2,2,3,3,1,2,3,2,1,1,2,1,3,2,2,2,3,3,2,2,3,3,3,3,5,4,4,2,2,1,1,1,2,2,1,3,3,2,3,2,1,1,2,3,3,3,2,3,1,2,2,2,1,1,1,2,2,4,3,4,2,4,3,2,4,4,1,1,2,1,1,3,1,4,1,1,3,3,2,4,4,2,3,3,4,4,2,3,3,3,4,4,3,3.1,1.666666667,3.5,3.142857143,2.75,2.2,39,21,1.6,2,3,2,0,2.142857143
80,hmo/eng,3,Eng,12,2,1,-99,4,4,4,1,1,-99,2,1,2,2,0,5,4,4,1,5,5,4,5,4,3,5,4,2,2,2,2,2,2,2,2,2,2,2,2,2,-99,2,2,3,3,2,2,3,3,2,2,3,3,2,2,2,2,2,3,3,3,2,2,3,3,3,2,2,3,2,3,2,-99,-99,-99,2,3,-99,2,3,2,2,2,2,2,3,2,2,2,-99,-99,2,-99,-99,-99,2,3,5,4,3,-99,1,1,4,1,2,2,2,1,2,1,1,2,1,1,1,2,2,1,1,2,-99,1,2,2,1,1,1,1,2,2,2,2,1,5,3,-99,2,5,1,1,2,1,1,1,1,1,1,2,3,3,2,4,4,3,3,4,4,4,1,4,4,1,2,4,4,2.555555556,1.222222222,3.666666667,3,2.75,1.5,-99,-99,1.6,4,3,3,0,2.333333333
81,hmong,5,hmong,13,1,-99,-99,5,5,3,1,1,3,4,1,2,2,1,2,5,2,2,5,2,5,3,2,1,1,5,1,1,1,1,1,1,1,1,1,1,1,1,1,-99,1,1,2,2,1,1,1,1,1,1,1,1,1,1,1,1,1,3,1,2,2,2,2,3,3,2,1,1,1,1,1,1,1,1,4,4,1,1,1,1,1,1,1,1,3,2,1,1,1,1,1,3,3,3,1,3,5,3,3,3,3,3,3,-99,1,1,4,4,2,2,4,4,2,2,3,4,4,2,1,4,1,3,2,1,1,1,1,1,1,3,5,5,3,5,5,1,3,1,1,3,5,1,1,5,1,5,1,1,4,4,2,4,4,2,4,1,3,4,2,3,2,3,3,4,3,3.2,2.555555556,3.5,2.857142857,2.75,3,48,16,1.8,1,1,1,0,3
82,hmo/eng,4,hmong,11,2,1,13,4,4,5,1,4,5,5,1,2,1,0,5,5,5,5,5,5,4,5,4,5,5,5,2,2,1,1,1,1,1,1,1,1,1,2,1,-99,3,2,2,4,1,1,3,3,3,2,1,1,3,2,1,1,2,3,1,2,2,3,2,2,1,2,2,1,2,3,1,2,2,2,2,1,3,1,3,1,2,1,1,1,3,3,1,1,3,3,3,5,5,3,3,4,5,3,2,3,3,2,2,1,1,1,3,2,2,2,2,2,4,2,2,3,3,4,2,2,2,2,2,2,1,1,2,1,1,3,2,5,1,4,5,2,1,5,2,1,2,5,3,5,2,1,5,3,4,4,4,2,4,1,4,4,4,4,1,2,4,4,4,4,4,3,3,4,2.857142857,3.5,1.8,41,18,2.6,3,3,2,0,2.285714286
83,hmo/eng,5,hmong,14,1,1,-99,4,4,4,2,5,4,3,3,4,1,1,4,5,5,3,5,5,5,4,5,4,5,5,2,3,2,3,1,3,2,3,2,3,1,3,1,-99,3,2,2,3,1,4,1,3,1,3,1,2,1,2,1,2,1,3,3,4,1,3,4,4,4,4,1,2,2,1,3,1,2,2,3,4,3,3,3,1,1,2,1,2,5,2,1,1,3,3,1,4,3,3,4,4,5,2,2,3,3,4,3,2,2,1,1,3,2,1,3,2,1,1,2,4,3,1,1,4,1,1,2,1,1,1,3,2,2,2,2,3,1,1,1,1,3,2,1,1,3,2,2,1,2,1,1,3,4,4,3,4,4,3,4,3,4,4,3,4,4,3,4,4,4,1.7,1.777777778,4,3.571428571,3.5,2.4,34,21,1.4,2,3,1,0,2.714285714
84,hmo/eng,5,hmong,13,1,1,13,4,4,4,2,7,3,5,1,1,1,1,2,3,4,3,5,3,3,5,2,5,5,3,2,4,1,2,1,2,1,4,2,4,1,4,1,-99,2,3,-99,-99,3,2,3,3,4,2,1,4,1,4,1,4,2,4,3,3,2,4,4,3,3,2,2,2,3,4,2,2,2,3,2,2,3,2,4,3,1,3,2,1,4,3,1,1,3,3,3,3,2,4,1,5,5,2,2,1,3,1,2,1,2,2,1,3,2,2,3,1,2,4,1,2,4,4,2,2,1,2,3,3,2,2,3,2,3,4,5,2,1,5,3,5,3,5,2,1,2,3,5,1,1,3,3,2,4,3,3,3,3,3,4,3,4,4,2,4,4,2,2,4,3,3.5,2.333333333,4,2.714285714,3,1.2,40,24,2,2,4,3,0,1.714285714
85,hmong,5,hmong,12,2,1,-99,4,4,6,1,1,3,2,1,2,2,1,5,5,5,5,5,5,5,5,5,5,1,5,1,1,1,1,1,1,1,1,1,1,4,4,1,-99,4,1,2,2,1,1,2,1,3,1,4,1,4,1,4,1,4,4,3,3,1,-99,2,4,3,2,2,2,2,2,1,1,1,1,4,4,1,1,5,1,1,3,1,1,4,1,1,1,3,5,2,5,5,4,3,5,3,5,5,3,3,1,2,1,2,1,1,4,4,2,4,4,3,3,1,4,1,4,4,4,1,1,3,1,1,1,3,1,4,4,5,3,5,5,5,5,5,5,5,4,5,3,4,5,4,4,5,5,3,4,4,4,4,3,4,4,4,4,4,4,4,3,3,4,4,4.7,4.333333333,3.833333333,3.714285714,3.75,2.6,48,20,1.4,1,1,1,0,2.857142857
86,hmong,6,hmong,13,2,1,-99,4,4,3,1,1,2,4,1,2,4,1,5,5,5,5,5,5,5,5,5,5,3,5,1,1,1,1,1,2,2,2,2,1,2,3,1,-99,2,2,3,3,4,3,4,4,2,2,3,3,2,1,2,2,2,3,2,3,2,2,3,2,4,4,3,3,2,3,1,2,3,2,4,4,1,1,5,2,2,3,1,1,3,3,1,1,3,4,2,4,5,3,3,2,3,5,4,4,1,1,3,1,3,3,2,3,3,3,4,4,4,3,3,3,2,2,1,4,3,3,2,3,1,1,1,2,2,5,1,1,5,5,2,2,2,2,5,2,3,2,1,2,1,5,1,4,1,1,4,4,3,2,4,3,4,4,2,4,4,4,3,4,4,3,2.333333333,3.5,2.571428571,4,1.6,53,27,1,2,1,2,0,2.714285714
87,hmong,5,hmong,11,1,1,-99,4,4,6,1,1,1,2,1,2,2,1,5,5,5,5,5,5,5,5,5,5,3,5,1,1,1,1,1,2,1,1,1,1,2,1,3,-99,1,2,3,1,1,1,2,1,1,2,1,1,1,2,1,2,1,2,1,3,1,2,4,3,2,2,2,2,1,2,1,2,1,1,3,4,2,3,3,1,1,3,2,1,3,3,2,1,3,4,1,3,3,3,3,2,3,5,5,1,3,1,3,1,1,2,2,3,2,1,3,2,2,2,1,4,1,4,3,4,1,1,1,2,1,1,2,2,4,5,5,3,3,2,3,2,3,2,5,3,1,3,1,5,1,3,2,2,1,4,3,3,4,3,4,4,4,4,4,4,4,4,4,4,4,3.3,2.333333333,3.5,3.714285714,3.75,2.6,39,19,1.6,2,3,1,0,2.714285714
88,hmo/eng,4,Eng,15,1,1,-99,1,4,3,1,1,3,4,1,1,2,1,4,4,5,4,3,3,4,1,2,2,2,3,1,1,1,1,2,2,2,2,2,2,2,2,2,-99,2,1,2,3,1,1,3,3,2,2,3,3,3,3,3,3,1,3,2,2,2,2,3,3,3,3,3,3,2,2,2,2,2,2,3,3,2,1,3,2,2,4,2,2,4,2,2,2,3,4,2,2,3,3,2,2,5,2,3,3,2,-99,2,-99,2,3,2,3,2,1,2,2,1,1,2,4,2,1,1,3,1,1,1,1,1,1,2,2,2,2,1,4,1,3,3,3,1,2,1,1,3,3,3,2,2,4,4,3,4,4,2,2,2,2,4,1,4,4,3,2,4,2,1,4,2,2.1,2.777777778,4,2.142857143,2,2,34,24,1.2,2,3,1,0,2.4
89,hmo/eng,4,Eng,14,1,1,-99,4,4,2,1,1,3,2,2,1,1,1,5,5,3,3,4,5,5,5,5,3,5,5,2,2,1,1,2,2,2,2,1,2,1,2,1,-99,1,2,3,2,1,1,3,3,2,3,3,2,1,2,2,2,1,3,2,3,1,3,3,3,3,3,2,2,2,2,2,2,2,2,3,3,2,2,3,2,2,3,2,3,3,3,3,3,3,3,2,3,3,3,3,4,4,5,5,2,3,1,1,1,3,1,2,4,2,3,3,3,2,3,2,4,2,2,2,4,2,3,3,3,2,1,2,2,2,5,2,3,2,2,3,2,2,3,5,1,2,3,2,1,1,1,1,2,3,4,4,4,3,2,4,3,4,4,1,3,4,3,2,4,3,2.9,1.555555556,3.833333333,2.714285714,3.25,2,47,22,1.6,1,2,1,0,2.571428571
90,hmo/eng,4,Eng,12,2,1,-99,4,4,2,1,1,3,2,1,5,5,1,5,5,5,5,5,5,5,5,5,5,5,5,1,1,1,1,1,1,1,1,1,1,1,1,1,-99,2,2,3,3,1,1,2,2,2,2,1,1,1,1,1,1,1,3,2,2,1,3,4,3,4,4,3,3,1,1,4,1,1,1,4,4,1,1,2,1,1,4,1,1,4,3,1,1,1,2,1,2,3,4,2,3,5,1,1,2,3,4,2,1,1,1,1,4,3,1,3,3,1,1,2,4,3,1,1,4,1,2,2,2,1,1,1,1,1,4,4,4,3,3,3,2,3,1,1,1,3,1,3,3,2,5,2,3,4,4,3,3,4,4,4,4,4,4,4,4,4,4,4,4,4,2.8,2.555555556,4,3.857142857,3.75,3,37,23,0.4,1,2,1,0,2
91,hmo/eng,4,hmong,13,2,1,-99,4,4,4,1,1,3,1,1,1,1,1,5,5,5,5,5,5,5,5,5,5,5,5,1,1,1,1,1,1,2,2,1,1,1,1,1,-99,-99,-99,-99,-99,-99,-99,-99,-99,-99,-99,-99,-99,-99,-99,-99,-99,-99,-99,-99,-99,-99,-99,-99,-99,-99,-99,2,2,1,3,1,2,1,2,4,3,2,2,3,1,1,2,1,1,5,3,1,1,3,3,1,1,4,5,1,5,5,1,1,1,1,1,2,2,3,2,3,4,2,1,3,4,1,1,1,4,2,1,1,4,3,2,2,2,1,1,1,1,1,3,1,1,1,1,1,2,1,4,1,1,1,1,2,1,1,1,1,2,4,4,4,4,4,4,4,4,4,4,4,4,4,4,4,4,4,1.6,1.222222222,4,4,4,2.2,42,21,1.6,1,1,1,0,1.285714286
92,hmo/eng,3,Eng,13,2,1,-99,1,4,3,1,13,3,2,4,2,1,0,5,5,5,3,4,5,5,5,5,5,5,5,1,1,1,1,1,1,2,2,1,1,1,1,1,-99,1,1,4,4,1,1,1,1,2,2,1,1,1,1,1,1,2,2,2,2,2,2,1,1,1,1,4,4,1,2,4,1,1,2,2,4,2,3,3,2,1,1,1,1,1,1,1,1,3,3,1,3,3,1,3,3,5,4,4,4,4,4,4,4,4,3,4,2,4,3,2,4,3,4,4,3,2,4,1,2,4,4,3,3,1,1,1,1,1,2,2,5,1,1,1,1,1,1,1,1,1,1,1,1,1,1,1,1,4,4,4,4,4,4,4,4,4,4,4,4,4,4,4,4,4,1.6,1,4,4,4,2.6,57,25,0.4,3,1,2,0,4
93,hmo/eng,2,hmong,13,1,1,13,4,4,6,1,1,4,4,1,1,1,1,2,3,4,3,5,2,2,4,2,5,5,4,1,1,1,1,1,1,4,4,2,3,4,4,4,-99,2,2,4,4,1,1,3,3,3,4,4,4,4,4,3,3,3,4,3,4,2,4,3,3,3,4,2,2,3,3,2,3,2,2,3,3,4,3,3,4,3,2,1,1,3,4,1,3,3,4,4,3,3,3,4,3,5,4,4,3,2,1,2,1,3,2,2,3,4,2,2,3,2,2,3,2,2,2,3,2,2,2,2,3,2,2,3,3,4,5,5,5,4,4,2,4,3,3,3,5,5,4,5,4,4,4,5,4,3,3,3,3,3,3,3,3,4,4,3,2,4,1,2,4,3,3.8,4.444444444,3.666666667,2.857142857,2.25,1.4,43,25,1.6,2,2,3,0,2.428571429
